{
  "ADRIANO BRETANHA LOPES TORT": {
    "Notas": [
      9.82,
      9.91,
      9.96
    ],
    "Desvios": [
      1.32,
      1.13,
      0.54
    ],
    "Componentes": {
      "ICE1007 - MATLAB PARA NEUROCIENTISTAS": {
        "Notas": [
          9.82
        ],
        "Desvios": [
          1.32
        ],
        "DesvioDeNotas": 0,
        "MediaDeNotas": 9.82,
        "MediaDeDesvios": 1.32,
        "NotaMediana": 9.82
      },
      "ICE1011 - ANÁLISE DE SINAIS CONTÍNUOS": {
        "Notas": [
          9.96
        ],
        "Desvios": [
          1.13
        ],
        "DesvioDeNotas": 0,
        "MediaDeNotas": 9.96,
        "MediaDeDesvios": 1.13,
        "NotaMediana": 9.96
      },
      "ICE1010 - ANÁLISE DE SINAIS DISCRETOS": {
        "Notas": [
          9.91
        ],
        "Desvios": [
          0.54
        ],
        "DesvioDeNotas": 0,
        "MediaDeNotas": 9.91,
        "MediaDeDesvios": 0.54,
        "NotaMediana": 9.91
      }
    },
    "DesvioDeNotas": 0.057927157323276086,
    "MediaDeNotas": 9.896666666666667,
    "MediaDeDesvios": 0.9966666666666667,
    "NotaMediana": 9.91
  },
  "CLAUDIO MARCOS TEIXEIRA DE QUEIROZ": {
    "Notas": [
      9.16,
      9.22,
      9.23,
      9.25,
      9.29,
      9.48,
      9.86,
      9.94
    ],
    "Desvios": [
      2.47,
      2.21,
      1.84,
      1.98,
      2.05,
      2.11,
      1.23,
      0.95
    ],
    "Componentes": {
      "ICE1012 - HISTÓRIA DA NEUROCIÊNCIA": {
        "Notas": [
          9.23,
          9.48
        ],
        "Desvios": [
          2.47,
          2.05
        ],
        "DesvioDeNotas": 0.125,
        "MediaDeNotas": 9.355,
        "MediaDeDesvios": 2.26,
        "NotaMediana": 9.48
      },
      "ICE1037 - INTRODUÇÃO À NEUROCIÊNCIA": {
        "Notas": [
          9.16,
          9.22,
          9.29,
          9.86
        ],
        "Desvios": [
          2.21,
          1.84,
          2.11,
          1.23
        ],
        "DesvioDeNotas": 0.27949731662397015,
        "MediaDeNotas": 9.3825,
        "MediaDeDesvios": 1.8475000000000001,
        "NotaMediana": 9.29
      },
      "ICE1040 - NEUROBIOLOGIA DA MÚSICA": {
        "Notas": [
          9.25,
          9.94
        ],
        "Desvios": [
          1.98,
          0.95
        ],
        "DesvioDeNotas": 0.34499999999999975,
        "MediaDeNotas": 9.594999999999999,
        "MediaDeDesvios": 1.4649999999999999,
        "NotaMediana": 9.94
      }
    },
    "DesvioDeNotas": 0.2864628029954323,
    "MediaDeNotas": 9.42875,
    "MediaDeDesvios": 1.855,
    "NotaMediana": 9.29
  },
  "DIEGO ANDRES LAPLAGNE": {
    "Notas": [
      8.84,
      8.98,
      9.01,
      9.3,
      9.51,
      9.77
    ],
    "Desvios": [
      2.14,
      2.19,
      2.41,
      1.85,
      1.12,
      1.35
    ],
    "Componentes": {
      "ICE1004 - BIOFÍSICA NEURAL": {
        "Notas": [
          8.98
        ],
        "Desvios": [
          2.14
        ],
        "DesvioDeNotas": 0,
        "MediaDeNotas": 8.98,
        "MediaDeDesvios": 2.14,
        "NotaMediana": 8.98
      },
      "ICE1003 - SEMINÁRIOS EM NEUROCIÊNCIA": {
        "Notas": [
          9.01
        ],
        "Desvios": [
          2.19
        ],
        "DesvioDeNotas": 0,
        "MediaDeNotas": 9.01,
        "MediaDeDesvios": 2.19,
        "NotaMediana": 9.01
      },
      "ICE1007 - MATLAB PARA NEUROCIENTISTAS": {
        "Notas": [
          8.84,
          9.77
        ],
        "Desvios": [
          2.41,
          1.12
        ],
        "DesvioDeNotas": 0.46499999999999986,
        "MediaDeNotas": 9.305,
        "MediaDeDesvios": 1.7650000000000001,
        "NotaMediana": 9.77
      },
      "ICE1039 - NEUROBIOLOGIA DOS SENTIDOS": {
        "Notas": [
          9.3,
          9.51
        ],
        "Desvios": [
          1.85,
          1.35
        ],
        "DesvioDeNotas": 0.10499999999999954,
        "MediaDeNotas": 9.405000000000001,
        "MediaDeDesvios": 1.6,
        "NotaMediana": 9.51
      }
    },
    "DesvioDeNotas": 0.32602402774437744,
    "MediaDeNotas": 9.235000000000001,
    "MediaDeDesvios": 1.8433333333333335,
    "NotaMediana": 9.3
  },
  "EMELIE KATARINA SVAHN LEAO": {
    "Notas": [
      9.72,
      9.84,
      9.96,
      9.98
    ],
    "Desvios": [
      1.62,
      1.07,
      1.35,
      0.95
    ],
    "Componentes": {
      "ICE1048 - NEUROTRANSMISSORES, TOXINAS E DROGAS": {
        "Notas": [
          9.72
        ],
        "Desvios": [
          1.62
        ],
        "DesvioDeNotas": 0,
        "MediaDeNotas": 9.72,
        "MediaDeDesvios": 1.62,
        "NotaMediana": 9.72
      },
      "ICE1038 - NEUROBIOLOGIA DO MOVIMENTO": {
        "Notas": [
          9.84,
          9.98
        ],
        "Desvios": [
          1.07,
          0.95
        ],
        "DesvioDeNotas": 0.07000000000000028,
        "MediaDeNotas": 9.91,
        "MediaDeDesvios": 1.01,
        "NotaMediana": 9.98
      },
      "ICE1022 - INTERFACES CÉREBRO-MÁQUINA E NEUROMODULAÇÃO": {
        "Notas": [
          9.96
        ],
        "Desvios": [
          1.35
        ],
        "DesvioDeNotas": 0,
        "MediaDeNotas": 9.96,
        "MediaDeDesvios": 1.35,
        "NotaMediana": 9.96
      }
    },
    "DesvioDeNotas": 0.10428326807307112,
    "MediaDeNotas": 9.875,
    "MediaDeDesvios": 1.2475000000000003,
    "NotaMediana": 9.96
  },
  "KERSTIN ERIKA SCHMIDT": {
    "Notas": [
      9.4,
      9.44,
      9.59,
      9.6
    ],
    "Desvios": [
      1.45,
      2.05,
      2.07,
      1.33
    ],
    "Componentes": {
      "DFS0108 - MODULO BIOLOGICO I": {
        "Notas": [
          9.4,
          9.44,
          9.59,
          9.6
        ],
        "Desvios": [
          1.45,
          2.05,
          2.07,
          1.33
        ],
        "DesvioDeNotas": 0.08870597499605072,
        "MediaDeNotas": 9.5075,
        "MediaDeDesvios": 1.725,
        "NotaMediana": 9.59
      }
    },
    "DesvioDeNotas": 0.08870597499605072,
    "MediaDeNotas": 9.5075,
    "MediaDeDesvios": 1.725,
    "NotaMediana": 9.59
  },
  "LIA REJANE MULLER BEVILAQUA": {
    "Notas": [
      9.37,
      9.82,
      9.84
    ],
    "Desvios": [
      1.61,
      0.97,
      1.26
    ],
    "Componentes": {
      "ICE1042 - NEUROCIÊNCIA APLICADA A BIBLIOTECONOMIA": {
        "Notas": [
          9.82
        ],
        "Desvios": [
          1.61
        ],
        "DesvioDeNotas": 0,
        "MediaDeNotas": 9.82,
        "MediaDeDesvios": 1.61,
        "NotaMediana": 9.82
      },
      "ICE1032 - NEUROCIÊNCIA APLICADA AO DIREITO": {
        "Notas": [
          9.37,
          9.84
        ],
        "Desvios": [
          0.97,
          1.26
        ],
        "DesvioDeNotas": 0.23500000000000032,
        "MediaDeNotas": 9.605,
        "MediaDeDesvios": 1.115,
        "NotaMediana": 9.84
      }
    },
    "DesvioDeNotas": 0.21699974398346433,
    "MediaDeNotas": 9.676666666666668,
    "MediaDeDesvios": 1.28,
    "NotaMediana": 9.82
  },
  "MARIA BERNARDETE CORDEIRO DE SOUSA": {
    "Notas": [
      9.68,
      9.78,
      9.82,
      9.83,
      9.95
    ],
    "Desvios": [
      1.51,
      1.18,
      0.71,
      0.77,
      1.47
    ],
    "Componentes": {
      "ICE1041 - ENDOCRINOLOGIA COMPORTAMENTAL": {
        "Notas": [
          9.78,
          9.83,
          9.95
        ],
        "Desvios": [
          1.51,
          1.18,
          0.71
        ],
        "DesvioDeNotas": 0.07133644853010887,
        "MediaDeNotas": 9.853333333333332,
        "MediaDeDesvios": 1.1333333333333333,
        "NotaMediana": 9.83
      },
      "MOR0089 - MODULO BIOLOGICO II": {
        "Notas": [
          9.68,
          9.82
        ],
        "Desvios": [
          0.77,
          1.47
        ],
        "DesvioDeNotas": 0.07000000000000028,
        "MediaDeNotas": 9.75,
        "MediaDeDesvios": 1.12,
        "NotaMediana": 9.82
      }
    },
    "DesvioDeNotas": 0.0870402205879557,