{
  "DBG0006 - BIOLOGIA CELULAR E MOLECULAR": {
    "Notas": [
      9.62,
      9.63,
      9.73,
      9.81,
      9.83,
      9.98
    ],
    "Desvios": [
      1.24,
      1.27,
      1.57,
      1.14,
      1.64,
      1.34
    ],
    "Docentes": [
      "ADRIANA FERREIRA UCHOA",
      "KATIA CASTANHO SCORTECCI"
    ],
    "DesvioDeNotas": 0.12445436468396327,
    "MediaDeNotas": 9.766666666666667,
    "MediaDeDesvios": 1.3666666666666665,
    "NotaMediana": 9.81
  },
  "DBG0013 - BIOLOGIA CELULAR E MOLECULAR": {
    "Notas": [
      8.57,
      8.8,
      8.87,
      9.43,
      9.53,
      9.54,
      9.56,
      9.62,
      9.64,
      9.67
    ],
    "Desvios": [
      1.85,
      1.84,
      2.32,
      1.65,
      1.88,
      2.75,
      1.95,
      1.81,
      2.11,
      1.54
    ],
    "Docentes": [
      "ADRIANA FERREIRA UCHOA",
      "SUSANA MARGARIDA GOMES MOREIRA",
      "CARLOS ALFREDO GALINDO BLAHA",
      "EDUARDO LUIZ VOIGT",
      "TIRZAH BRAZ PETTA LAJUS"
    ],
    "DesvioDeNotas": 0.3888971586422302,
    "MediaDeNotas": 9.323,
    "MediaDeDesvios": 1.9699999999999995,
    "NotaMediana": 9.54
  },
  "DBG0055 - BIOLOGIA CELULAR": {
    "Notas": [
      7.74,
      8.92,
      9.7,
      9.75
    ],
    "Desvios": [
      2.42,
      1.89,
      2.13,
      1.71
    ],
    "Docentes": [
      "CARLOS ALFREDO GALINDO BLAHA",
      "EDUARDO LUIZ VOIGT",
      "SUSANA MARGARIDA GOMES MOREIRA"
    ],
    "DesvioDeNotas": 0.8129383432954799,
    "MediaDeNotas": 9.0275,
    "MediaDeDesvios": 2.0374999999999996,
    "NotaMediana": 9.7
  },
  "DBG0003 - BIOLOGIA CELULAR E MOLECULAR": {
    "Notas": [
      6.33,
      7.18,
      8.27,
      8.7,
      8.71
    ],
    "Desvios": [
      3.13,
      3.35,
      2.45,
      2.12,
      1.81
    ],
    "Docentes": [
      "CARLOS ALFREDO GALINDO BLAHA",
      "CRISTIANE ELIZABETH COSTA DE MACEDO"
    ],
    "DesvioDeNotas": 0.9377718272586354,
    "MediaDeNotas": 7.837999999999999,
    "MediaDeDesvios": 2.572,
    "NotaMediana": 8.27
  },
  "DBG0071 - BIOLOGIA E ECOLOGIA": {
    "Notas": [
      7.89,
      8.12
    ],
    "Desvios": [
      2.78,
      2.98
    ],
    "Docentes": [
      "CARLOS ALFREDO GALINDO BLAHA",
      "DELANDO NASARIO MEDEIROS"
    ],
    "DesvioDeNotas": 0.11499999999999977,
    "MediaDeNotas": 8.004999999999999,
    "MediaDeDesvios": 2.88,
    "NotaMediana": 8.12
  },
  "DBG0011 - BIOLOGIA CELULAR E MOLECULAR": {
    "Notas": [
      9.2,
      9.2,
      9.22,
      9.3,
      9.47,
      9.48,
      9.52,
      9.53,
      9.54
    ],
    "Desvios": [
      1.68,
      1.86,
      1.66,
      2.05,
      1.48,
      1.67,
      1.82,
      1.62,
      1.24
    ],
    "Docentes": [
      "CRISTIANE ELIZABETH COSTA DE MACEDO",
      "CARLOS ALFREDO GALINDO BLAHA",
      "DELANDO NASARIO MEDEIROS"
    ],
    "DesvioDeNotas": 0.14236971518714617,
    "MediaDeNotas": 9.384444444444442,
    "MediaDeDesvios": 1.6755555555555555,
    "NotaMediana": 9.47
  },
  "DBG0009 - GENETICA PARA NUTRIÇÃO": {
    "Notas": [
      8.35,
      8.39,
      8.57,
      8.61,
      8.62,
      9.43,
      9.86,
      9.89,
      9.91
    ],
    "Desvios": [
      1.38,
      2.06,
      2.3,
      1.44,
      2.2,
      1.1,
      2.32,
      1.41,
      1.83
    ],
    "Docentes": [
      "DANIELLA REGINA ARANTES MARTINS SALHA",
      "JOAO MARIA GOMES ALENCAR DE SOUZA",
      "TIRZAH BRAZ PETTA LAJUS"
    ],
    "DesvioDeNotas": 0.6477825423876614,
    "MediaDeNotas": 9.07,
    "MediaDeDesvios": 1.7822222222222222,
    "NotaMediana": 8.62
  },
  "DBG0146 - GENÉTICA": {
    "Notas": [
      10,
      7.61,
      8.53,
      8.82,
      8.91,
      9.23,
      9.64,
      9.75,
      9.77,
      9.96
    ],
    "Desvios": [
      0.86,
      1.77,
      2.06,
      2.86,
      1.85,
      1.25,
      1.28,
      1.51,
      0,
      1.29
    ],
    "Docentes": [
      "DANIELLA REGINA ARANTES MARTINS SALHA",
      "JOAO MARIA GOMES ALENCAR DE SOUZA",
      "LUCYMARA FASSARELLA AGNEZ LIMA",
      "ELIZANGELA EMIDIO CUNHA",
      "TIARA SOUSA CABRAL",
      "MARBELLA MARIA BERNARDES DA FONSECA",
      "RAQUEL CORDEIRO THEODORO"
    ],
    "DesvioDeNotas": 0.7238894943290725,
    "MediaDeNotas": 9.222,
    "MediaDeDesvios": 1.4729999999999996,
    "NotaMediana": 9.23
  },
  "DBG0014 - GENÉTICA": {
    "Notas": [
      8.94,
      9.13,
      9.18,
      9.44,
      9.52,
      9.57,
      9.63,
      9.64,
      9.68
    ],
    "Desvios": [
      2.2,
      1.48,
      1.79,
      1.71,
      1.88,
      1.97,
      1.71,
      1.45,
      1.43
    ],
    "Docentes": [
      "DANIELLA REGINA ARANTES MARTINS SALHA",
      "PAULO SERGIO MARINHO LUCIO",
      "RAQUEL CORDEIRO THEODORO"
    ],
    "DesvioDeNotas": 0.2505155178653771,
    "MediaDeNotas": 9.414444444444445,
    "MediaDeDesvios": 1.7355555555555557,
    "NotaMediana": 9.52
  },
  "DBG0002 - BIOLOGIA CELULAR": {
    "Notas": [
      9.15,
      9.36,
      9.38,
      9.53,
      9.54,
      9.59,
      9.6,
      9.76,
      9.76,
      9.78,
      9.79,
      9.81,
      9.81,
      9.82
    ],
    "Desvios": [
      1.79,
      1.61,
      1.62,
      1.69,
      1.58,
      1.63,
      1.95,
      1.74,
      1.83,
      1.43,
      2.23,
      1.29,
      1.06,
      1.76
    ],
    "Docentes": [
      "DELANDO NASARIO MEDEIROS",
      "EDUARDO LUIZ VOIGT",
      "KATIA CASTANHO SCORTECCI",
      "SUSANA MARGARIDA GOMES MOREIRA",
      "ADRIANA FERREIRA UCHOA"
    ],
    "DesvioDeNotas": 0.2013880405017707,
    "MediaDeNotas": 9.620000000000001,
    "MediaDeDesvios": 1.657857142857143,
    "NotaMediana": 9.76
  },
  "DBG0008 - BIOLOGIA CELULAR E MOLECULAR": {
    "Notas": [
      9.66,
      9.84
    ],
    "Desvios": [
      1.41,
      1.27
    ],
    "Docentes": [
      "DELANDO NASARIO MEDEIROS",
      "SUSANA MARGARIDA GOMES MOREIRA"
    ],
    "DesvioDeNotas": 0.08999999999999986,
    "MediaDeNotas": 9.75,
    "MediaDeDesvios": 1.3399999999999999,
    "NotaMediana": 9.84
  },
  "DBG0005 - BIOLOGIA CELULAR I": {
    "Notas": [
      9.68,
      9.7
    ],
    "Desvios": [
      1.7,
      1.62
    ],
    "Docentes": [
      "DELANDO NASARIO MEDEIROS",
      "EDUARDO LUIZ VOIGT"
    ],
    "DesvioDeNotas": 0.009999999999999787,
    "MediaDeNotas": 9.69,
    "MediaDeDesvios": 1.6600000000000001,
    "NotaMediana": 9.7
  },
  "DBG0052 - BIOLOGIA CELULAR PARA ECOLOGIA": {
    "Notas": [
      8.05,
      8.53,
      9.45,
      9.68
    ],
    "Desvios": [
      2.95,
      1.58,
      1.95,
      2.41
    ],
    "Docentes": [
      "DELANDO NASARIO MEDEIROS",
      "TIRZAH BRAZ PETTA LAJUS",
      "CRISTIANE ELIZABETH COSTA DE MACEDO"
    ],
    "DesvioDeNotas": 0.6646944786892693,
    "MediaDeNotas": 8.9275,
    "MediaDeDesvios": 2.2225,
    "NotaMediana": 9.45
  },
  "DBG0140 - GENETICA DE ORGANISMOS AQUATICOS CULTIVAVEIS": {
    "Notas": [
      9.01,
      9.32
    ],
    "Desvios": [
      1.76,
      1.83
    ],
    "Docentes": [
      "ELIZANGELA EMIDIO CUNHA"
    ],
    "DesvioDeNotas": 0.15500000000000025,
    "MediaDeNotas": 9.165,
    "MediaDeDesvios": 1.795,
    "NotaMediana": 9.32
  },
  "DBG0141 - GENETICA HUMANA III": {
    "Notas": [
      8.91,
      9.7,
      9.71,
      9.81
    ],
    "Desvios": [
      2.36,
      1.28,
      1.55,
      1.15
    ],
    "Docentes": [
      "ELIZANGELA EMIDIO CUNHA",
      "PAULO SERGIO MARINHO LUCIO"
    ],
    "DesvioDeNotas": 0.361965122629239,
    "MediaDeNotas": 9.5325,
    "MediaDeDesvios": 1.585,
    "NotaMediana": 9.71
  },
  "DBG0070 - GENÉTICA HUMANA": {
    "Notas": [
      8.54,
      9.24,
      9.79
    ],
    "Desvios": [
      2.01,
      2.58,
      1.7
    ],
    "Docentes": [
      "JOAO MARIA GOMES ALENCAR DE SOUZA",
      "SILVIA REGINA BATISTUZZO DE MEDEIROS",
      "VIVIANE SOUZA DO AMARAL"
    ],
    "DesvioDeNotas": 0.5115336417740936,
    "MediaDeNotas": 9.19,
    "MediaDeDesvios": 2.0966666666666667,
    "NotaMediana": 9.24
  },