{
  "DBQ0105 - MÓDULO CELULAR, MOLECULAR E MACROMOLECULAR": {
    "Notas": [
      7.84,
      8.59,
      8.77,
      9,
      9.41,
      9.41,
      9.43,
      9.47,
      9.5,
      9.51,
      9.52,
      9.64,
      9.64,
      9.65,
      9.74,
      9.81
    ],
    "Desvios": [
      2.47,
      1.61,
      1.71,
      2.28,
      1.8,
      1.48,
      1.75,
      1.66,
      2.42,
      1.94,
      1.87,
      2.31,
      1.24,
      0.93,
      0.97,
      1.11
    ],
    "Docentes": [
      "CARLOS JOSE DE LIMA",
      "ELIZEU ANTUNES DOS SANTOS",
      "LEONARDO CAPISTRANO FERREIRA",
      "SELMA MARIA BEZERRA JERONIMO"
    ],
    "DesvioDeNotas": 0.5009643044918471,
    "MediaDeNotas": 9.308124999999999,
    "MediaDeDesvios": 1.7218749999999998,
    "NotaMediana": 9.5
  },
  "DBQ0040 - EMPREENDEDORISMO EM BIOCIÊNCIAS": {
    "Notas": [
      9.52,
      9.57,
      9.78,
      9.84,
      9.85
    ],
    "Desvios": [
      1.75,
      1.49,
      1.73,
      1.36,
      0.87
    ],
    "Docentes": [
      "DANIEL CARLOS FERREIRA LANZA"
    ],
    "DesvioDeNotas": 0.13934130758680274,
    "MediaDeNotas": 9.712,
    "MediaDeDesvios": 1.4400000000000002,
    "NotaMediana": 9.78
  },
  "DBQ0031 - BIOQUIMICA METABOLICA": {
    "Notas": [
      9.11,
      9.16,
      9.18,
      9.43,
      9.57,
      9.57,
      9.58,
      9.64,
      9.67,
      9.75,
      9.77,
      9.78,
      9.79,
      9.79,
      9.79,
      9.81,
      9.81,
      9.84,
      9.86,
      9.89
    ],
    "Desvios": [
      1.73,
      1.29,
      2.05,
      1.73,
      1.56,
      1.23,
      1.25,
      1.24,
      1.25,
      2.14,
      0.99,
      1.18,
      1.06,
      1.2,
      1.78,
      1.14,
      0.96,
      0.94,
      1.15,
      1.17
    ],
    "Docentes": [
      "ELIZEU ANTUNES DOS SANTOS",
      "FERNANDA WANDERLEY DE OLIVEIRA",
      "JACIRA MARIA ANDRADE DE SOUSA",
      "LEONARDO CAPISTRANO FERREIRA",
      "MATHEUS DA SILVA ZATTI",
      "ANTONIO MOREIRA MARQUES NETO"
    ],
    "DesvioDeNotas": 0.23516961963655086,
    "MediaDeNotas": 9.639500000000002,
    "MediaDeDesvios": 1.3519999999999999,
    "NotaMediana": 9.77
  },
  "DBQ0038 - BIOQUÍMICA APLICADA À EDUCAÇÃO FÍSICA": {
    "Notas": [
      9.25,
      9.35,
      9.45,
      9.5,
      9.55,
      9.57,
      9.58,
      9.64,
      9.65,
      9.72,
      9.75,
      9.85
    ],
    "Desvios": [
      1.3,
      1.28,
      1.19,
      1.64,
      1.69,
      2.02,
      1.41,
      1.48,
      1.6,
      1.49,
      1.25,
      1.38
    ],
    "Docentes": [
      "ELIZEU ANTUNES DOS SANTOS",
      "JACIRA MARIA ANDRADE DE SOUSA",
      "MATHEUS DA SILVA ZATTI",
      "ANTONIO MOREIRA MARQUES NETO"
    ],
    "DesvioDeNotas": 0.16206137383376992,
    "MediaDeNotas": 9.571666666666667,
    "MediaDeDesvios": 1.4775,
    "NotaMediana": 9.58
  },
  "DFS0021 - INSTRUMENTAÇÃO PARA O ENSINO DE CIÊNCIAS E BIOLOGIA I": {
    "Notas": [
      9.5,
      9.58,
      9.63,
      9.79,
      9.79,
      9.81,
      9.93,
      9.94
    ],
    "Desvios": [
      1.37,
      1.41,
      1.12,
      1.41,
      2.04,
      1.26,
      0.81,
      1.38
    ],
    "Docentes": [
      "ELIZEU ANTUNES DOS SANTOS"
    ],
    "DesvioDeNotas": 0.1504108955494911,
    "MediaDeNotas": 9.74625,
    "MediaDeDesvios": 1.35,
    "NotaMediana": 9.79
  },
  "DBQ0032 - QUIMICA PARA O ENSINO DE CIENCIAS": {
    "Notas": [
      9.17,
      9.23,
      9.24,
      9.25,
      9.3,
      9.53,
      9.57,
      9.57,
      9.58,
      9.6,
      9.68,
      9.69,
      9.72,
      9.73,
      9.79,
      9.81,
      9.82,
      9.82,
      9.85,
      9.93
    ],
    "Desvios": [
      1.82,
      1.55,
      1.74,
      1.4,
      2.45,
      1.59,
      1.25,
      1.23,
      1.43,
      1.29,
      1.29,
      1.38,
      1.46,
      0.89,
      1.9,
      1.11,
      0.8,
      1.38,
      1.28,
      1.41
    ],
    "Docentes": [
      "ELIZEU ANTUNES DOS SANTOS",
      "GIULIANNA PAIVA VIANA DE ANDRADE SOUZA",
      "LUCIANA GUIMARAES ALVES FILGUEIRA"
    ],
    "DesvioDeNotas": 0.23070327262524898,
    "MediaDeNotas": 9.594,
    "MediaDeDesvios": 1.4324999999999999,
    "NotaMediana": 9.68
  },
  "DBQ0030 - DIVERSIDADE MOLECULAR": {
    "Notas": [
      8.4,
      8.9,
      8.93,
      8.93,
      8.98,
      9.03,
      9.16,
      9.16,
      9.28,
      9.34,
      9.38,
      9.63,
      9.63,
      9.65,
      9.66,
      9.66,
      9.7,
      9.72,
      9.73,
      9.74,
      9.84,
      9.84
    ],
    "Desvios": [
      1.07,
      1.14,
      1.42,
      1.27,
      1.6,
      1.68,
      1.99,
      1.98,
      2.24,
      1.98,
      1.58,
      1.55,
      1.5,
      1.81,
      2.15,
      2.26,
      1.61,
      2.55,
      1.15,
      1.18,
      1.46,
      2.48
    ],
    "Docentes": [
      "FERNANDA WANDERLEY DE OLIVEIRA",
      "GIULIANNA PAIVA VIANA DE ANDRADE SOUZA",
      "LUCIANA DUARTE MARTINS DA MATTA",
      "MATHEUS DA SILVA ZATTI",
      "ANTONIO MOREIRA MARQUES NETO",
      "HUGO ALEXANDRE DE OLIVEIRA ROCHA",
      "SUELY FERREIRA CHAVANTE"
    ],
    "DesvioDeNotas": 0.3834340806642989,
    "MediaDeNotas": 9.376818181818182,
    "MediaDeDesvios": 1.7113636363636362,
    "NotaMediana": 9.63
  },
  "DBQ0104 - PROCESSOS BIOQUÍMICOS VITAIS": {
    "Notas": [
      9.04,
      9.25,
      9.33,
      9.46
    ],
    "Desvios": [
      2.2,
      1.71,
      2,
      1.46
    ],
    "Docentes": [
      "FERNANDA WANDERLEY DE OLIVEIRA",
      "LUIZ ROBERTO DIZ DE ABREU"
    ],
    "DesvioDeNotas": 0.15247950681976966,
    "MediaDeNotas": 9.27,
    "MediaDeDesvios": 1.8425,
    "NotaMediana": 9.33
  },
  "DBQ0045 - BIOINFORMÁTICA": {
    "Notas": [
      10,
      9.08,
      9.28,
      9.31,
      9.53,
      9.54,
      9.54,
      9.56,
      9.57,
      9.71,
      9.73,
      9.75,
      9.99
    ],
    "Desvios": [
      2.4,
      1.65,
      1.79,
      1.64,
      1.65,
      1.44,
      2.28,
      1.62,
      0.91,
      0.62,
      1.5,
      0.94,
      0.62
    ],
    "Docentes": [
      "GUSTAVO ANTONIO DE SOUZA",
      "RODRIGO JULIANI SIQUEIRA DALMOLIN",
      "JOAO PAULO MATOS SANTOS LIMA"
    ],
    "DesvioDeNotas": 0.252937768616906,
    "MediaDeNotas": 9.583846153846155,
    "MediaDeDesvios": 1.4661538461538464,
    "NotaMediana": 9.54
  },
  "DBQ0029 - BIOQUIMICA PARA ECOLOGOS": {
    "Notas": [
      9.34,
      9.58,
      9.63,
      9.66,
      9.72,
      9.72,
      9.78
    ],
    "Desvios": [
      1.94,
      1.99,
      1.42,
      1.59,
      1.89,
      1.84,
      1.14
    ],
    "Docentes": [
      "GUSTAVO ANTONIO DE SOUZA",
      "LUCIANA DUARTE MARTINS DA MATTA",
      "LEONARDO CAPISTRANO FERREIRA"
    ],
    "DesvioDeNotas": 0.1342401138380973,
    "MediaDeNotas": 9.632857142857144,
    "MediaDeDesvios": 1.6871428571428573,
    "NotaMediana": 9.66
  },
  "DBQ0036 - BIOQUÍMICA E CULTIVO CELULAR PARA BIOMEDICINA": {
    "Notas": [
      8.69,
      9.1,
      9.32,
      9.48,
      9.6
    ],
    "Desvios": [
      1.98,
      1.7,
      1.35,
      1.56,
      1.38
    ],
    "Docentes": [
      "HUGO ALEXANDRE DE OLIVEIRA ROCHA",
      "MATHEUS DA SILVA ZATTI",
      "ANTONIO MOREIRA MARQUES NETO",
      "MONIQUE GABRIELA DAS CHAGAS FAUSTINO ALVES"
    ],
    "DesvioDeNotas": 0.32114794098670496,
    "MediaDeNotas": 9.238,
    "MediaDeDesvios": 1.5939999999999999,
    "NotaMediana": 9.32
  },
  "DBQ0041 - QUÍMICA ORGÂNICA PARA BIOMEDICINA": {
    "Notas": [
      6.59,
      7.33,
      8.05,
      8.16,
      9.09,
      9.25,
      9.35,
      9.38,
      9.58,
      9.62,
      9.73,
      9.75,
      9.82,
      9.88
    ],
    "Desvios": [
      2.71,
      2.37,
      1.93,
      2.05,
      1.86,
      1.91,
      1.26,
      1.42,
      2.15,
      2.11,
      3.01,
      2.81,
      1.82,
      1.77
    ],