{
  "DFS0219 - ESTUDOS AVANÇADOS EM COMPORTAMENTO ANIMAL": {
    "Notas": [
      10,
      10,
      10
    ],
    "Desvios": [
      0.46,
      0.22,
      0.28
    ],
    "Docentes": [
      "ANA CAROLINA LUCHIARI",
      "FELIPE NALON CASTRO",
      "FIVIA DE ARAUJO LOPES"
    ],
    "DesvioDeNotas": 0,
    "MediaDeNotas": 10,
    "MediaDeDesvios": 0.32,
    "NotaMediana": 10
  },
  "DFS0110 - FISIOLOGIA ANIMAL III": {
    "Notas": [
      9.04,
      9.15,
      9.26,
      9.41,
      9.48,
      9.59,
      9.62,
      9.64,
      9.66,
      9.67,
      9.68,
      9.72,
      9.75,
      9.77,
      9.81,
      9.84,
      9.84,
      9.85,
      9.91,
      9.95,
      9.96
    ],
    "Desvios": [
      1.34,
      1.42,
      1.35,
      1.13,
      1.43,
      1.48,
      1.71,
      1.44,
      1.37,
      1.61,
      2.19,
      1.36,
      0.85,
      1.39,
      1.61,
      2.16,
      1.45,
      0.63,
      1.47,
      1.75,
      0.93
    ],
    "Docentes": [
      "ANA CAROLINA LUCHIARI",
      "DANIEL MARQUES DE ALMEIDA PESSOA",
      "JEFERSON DE SOUZA CAVALCANTE",
      "RENATA GONCALVES FERREIRA",
      "MARIA TERESA DA SILVA MOTA"
    ],
    "DesvioDeNotas": 0.24759615278772706,
    "MediaDeNotas": 9.647619047619047,
    "MediaDeDesvios": 1.4319047619047618,
    "NotaMediana": 9.68
  },
  "DFS0028 - FISIOLOGIA": {
    "Notas": [
      9.35,
      9.52,
      9.57,
      9.64,
      9.7,
      9.75,
      9.79,
      9.82
    ],
    "Desvios": [
      1.41,
      1.53,
      1.21,
      1.42,
      1.57,
      1.8,
      0.67,
      0.67
    ],
    "Docentes": [
      "ANNA KARYNNA ALVES DE ALENCAR ROCHA",
      "MARIO ANDRE LEOCADIO MIGUEL",
      "ANDRE LUIZ VIEIRA LOCKMANN",
      "MARICELE NASCIMENTO BARBOSA"
    ],
    "DesvioDeNotas": 0.1474576210305863,
    "MediaDeNotas": 9.642499999999998,
    "MediaDeDesvios": 1.2850000000000001,
    "NotaMediana": 9.7
  },
  "DFS0020 - FISIOLOGIA": {
    "Notas": [
      7.92,
      9.2,
      9.28,
      9.39,
      9.45,
      9.5,
      9.51,
      9.56,
      9.61,
      9.63,
      9.63,
      9.72,
      9.72,
      9.79,
      9.86,
      9.88,
      9.89,
      9.91,
      9.93,
      9.95,
      9.96
    ],
    "Desvios": [
      1.69,
      1.86,
      1.65,
      1.61,
      1.12,
      1.27,
      1.72,
      2.8,
      1.17,
      1.63,
      1.22,
      1.78,
      1.6,
      1.4,
      1.43,
      1.63,
      1.51,
      0.92,
      1.16,
      0.95,
      1.2
    ],
    "Docentes": [
      "ANNA KARYNNA ALVES DE ALENCAR ROCHA",
      "GLAECIR ROSENI MUNDSTOCK DIAS",
      "JANINE INEZ ROSSATO",
      "HELDERES PEREGRINO ALVES DA SILVA",
      "ROVENA CLARA GALVAO JANUARIO ENGELBERTH"
    ],
    "DesvioDeNotas": 0.43207824520256094,
    "MediaDeNotas": 9.585238095238093,
    "MediaDeDesvios": 1.4914285714285715,
    "NotaMediana": 9.63
  },
  "DFS0053 - FISIOLOGIA BÁSICA": {
    "Notas": [
      8.79,
      9.43,
      9.45,
      9.66,
      9.67,
      9.68,
      9.77,
      9.81,
      9.91
    ],
    "Desvios": [
      1.75,
      1.48,
      1.62,
      1.79,
      1.68,
      1.23,
      0.87,
      1.12,
      1.54
    ],
    "Docentes": [
      "ANNA KARYNNA ALVES DE ALENCAR ROCHA",
      "DENISE MORAIS LOPES GALENO",
      "GLAECIR ROSENI MUNDSTOCK DIAS",
      "MARIO ANDRE LEOCADIO MIGUEL",
      "ANDRE LUIZ VIEIRA LOCKMANN",
      "HELDERES PEREGRINO ALVES DA SILVA"
    ],
    "DesvioDeNotas": 0.31369167846119644,
    "MediaDeNotas": 9.574444444444444,
    "MediaDeDesvios": 1.4533333333333331,
    "NotaMediana": 9.67
  },
  "DFS0054 - FISIOLOGIA BÁSICA": {
    "Notas": [
      9.36,
      9.56,
      9.61,
      9.68,
      9.7,
      9.71,
      9.75
    ],
    "Desvios": [
      1.81,
      1.6,
      1.55,
      1.56,
      1.42,
      1.42,
      1.2
    ],
    "Docentes": [
      "ANNA KARYNNA ALVES DE ALENCAR ROCHA",
      "NICOLE LEITE GALVAO COELHO",
      "ANDRE LUIZ VIEIRA LOCKMANN",
      "DENISE MORAIS LOPES GALENO"
    ],
    "DesvioDeNotas": 0.12315578321287046,
    "MediaDeNotas": 9.624285714285715,
    "MediaDeDesvios": 1.5085714285714285,
    "NotaMediana": 9.68
  },
  "DFS0006 - FISIOLOGIA HUMANA I": {
    "Notas": [
      8.71,
      8.88,
      9.34,
      9.49,
      9.55,
      9.59,
      9.63,
      9.65,
      9.69,
      9.73,
      9.81,
      9.82,
      9.84,
      9.84
    ],
    "Desvios": [
      2.33,
      2.27,
      1.59,
      2.48,
      1.46,
      1.47,
      1.48,
      1.36,
      1.4,
      1.42,
      1.52,
      1.57,
      1.39,
      1.22
    ],
    "Docentes": [
      "ANNA KARYNNA ALVES DE ALENCAR ROCHA",
      "GLAECIR ROSENI MUNDSTOCK DIAS",
      "HELDERES PEREGRINO ALVES DA SILVA",
      "JANINE INEZ ROSSATO",
      "ROVENA CLARA GALVAO JANUARIO ENGELBERTH",
      "MARICELE NASCIMENTO BARBOSA",
      "RAMÓN HYPOLITO LIMA"
    ],
    "DesvioDeNotas": 0.33590951770027677,
    "MediaDeNotas": 9.540714285714287,
    "MediaDeDesvios": 1.64,
    "NotaMediana": 9.65
  },
  "DFS0039 - FISIOLOGIA HUMANA VI": {
    "Notas": [
      8.99,
      9.31,
      9.36,
      9.53,
      9.56,
      9.78,
      9.87,
      9.88
    ],
    "Desvios": [
      1.41,
      1.33,
      1.67,
      1.7,
      1.65,
      1.45,
      1.73,
      1.62
    ],
    "Docentes": [
      "ANNA KARYNNA ALVES DE ALENCAR ROCHA",
      "DENISE MORAIS LOPES GALENO",
      "GLAECIR ROSENI MUNDSTOCK DIAS",
      "MARIO ANDRE LEOCADIO MIGUEL"
    ],
    "DesvioDeNotas": 0.28943911276812595,
    "MediaDeNotas": 9.535,
    "MediaDeDesvios": 1.5699999999999998,
    "NotaMediana": 9.56
  },
  "DFS0026 - FISIOLOGIA X": {
    "Notas": [
      8.49,
      9.02,
      9.05,
      9.15,
      9.54,
      9.56,
      9.56,
      9.61,
      9.66,
      9.9
    ],
    "Desvios": [
      1.79,
      1.77,
      2.27,
      1.43,
      1.33,
      1.58,
      1.42,
      1.63,
      2.1,
      1.68
    ],
    "Docentes": [
      "ANNA KARYNNA ALVES DE ALENCAR ROCHA",
      "GLAECIR ROSENI MUNDSTOCK DIAS",
      "HELDERES PEREGRINO ALVES DA SILVA",
      "ANDRE LUIZ VIEIRA LOCKMANN",
      "MARIA TERESA DA SILVA MOTA"
    ],
    "DesvioDeNotas": 0.3960858492801781,
    "MediaDeNotas": 9.354,
    "MediaDeDesvios": 1.7,
    "NotaMediana": 9.56
  },
  "DFS0203 - COMPORTAMENTO ANIMAL": {
    "Notas": [
      8.34,
      9.13,
      9.27,
      9.46,
      9.53,
      9.56,
      9.63,
      9.64,
      9.68,
      9.78,
      9.78,
      9.85,
      9.87,
      9.89,
      9.89,
      9.91,
      9.92,
      9.93,
      9.94,
      9.94,
      9.94,
      9.96,
      9.96
    ],
    "Desvios": [
      1.26,
      1.44,
      1.26,
      1.36,
      1.3,
      1.87,
      1.3,
      1.39,
      0.62,
      1.47,
      0.53,
      1.12,
      2.5,
      0.99,
      1.61,
      1.32,
      0.96,
      1.61,
      1.1,
      1.09,
      1.61,
      1.12,
      1.02
    ],
    "Docentes": [
      "ARRILTON ARAUJO DE SOUZA",
      "DANIEL MARQUES DE ALMEIDA PESSOA",
      "RENATA GONCALVES FERREIRA",
      "RENATA SANTORO DE SOUSA LIMA MOBLEY",
      "ANA CAROLINA LUCHIARI"
    ],
    "DesvioDeNotas": 0.3647683574974397,
    "MediaDeNotas": 9.68695652173913,
    "MediaDeDesvios": 1.297826086956522,
    "NotaMediana": 9.85
  },
  "DFS0046 - FISIOLOGIA II": {
    "Notas": [
      6.98,
      9.01,
      9.21,
      9.23,
      9.29,
      9.34,
      9.62,
      9.65,
      9.66
    ],
    "Desvios": [
      1.46,
      3.02,
      1.55,
      1.59,
      1.82,
      1.86,
      1.95,
      1.03,
      1.92
    ],
    "Docentes": [
      "CAROLINA VIRGINIA MACEDO DE AZEVEDO",
      "MARIA TERESA DA SILVA MOTA",
      "ANNA KARYNNA ALVES DE ALENCAR ROCHA"
    ],
    "DesvioDeNotas": 0.7825031061351199,
    "MediaDeNotas": 9.110000000000001,
    "MediaDeDesvios": 1.7999999999999996,
    "NotaMediana": 9.29
  },