{
  "ADERSON FARIAS DO NASCIMENTO": {
    "Notas": [
      8.3,
      8.43,
      9.3,
      9.66
    ],
    "Desvios": [
      1.88,
      1.76,
      2.55,
      2.03
    ],
    "Componentes": {
      "GEF0113 - GEOFÍSICA GERAL I": {
        "Notas": [
          8.3,
          8.43,
          9.3,
          9.66
        ],
        "Desvios": [
          1.88,
          1.76,
          2.55,
          2.03
        ],
        "DesvioDeNotas": 0.573688722217894,
        "MediaDeNotas": 8.9225,
        "MediaDeDesvios": 2.0549999999999997,
        "NotaMediana": 9.3
      }
    },
    "DesvioDeNotas": 0.573688722217894,
    "MediaDeNotas": 8.9225,
    "MediaDeDesvios": 2.0549999999999997,
    "NotaMediana": 9.3
  },
  "GILVAN LUIZ BORBA": {
    "Notas": [
      9.41,
      9.83,
      9.86,
      9.88
    ],
    "Desvios": [
      1.44,
      1,
      0.82,
      1.29
    ],
    "Componentes": {
      "GEF0119 - MÉTODOS MATEMÁTICOS DA GEOFÍSICA I": {
        "Notas": [
          9.86,
          9.88
        ],
        "Desvios": [
          1.44,
          0.82
        ],
        "DesvioDeNotas": 0.010000000000000675,
        "MediaDeNotas": 9.870000000000001,
        "MediaDeDesvios": 1.13,
        "NotaMediana": 9.88
      },
      "GEF0124 - FÍSICA DO MEIO AMBIENTE": {
        "Notas": [
          9.41,
          9.83
        ],
        "Desvios": [
          1,
          1.29
        ],
        "DesvioDeNotas": 0.20999999999999996,
        "MediaDeNotas": 9.620000000000001,
        "MediaDeDesvios": 1.145,
        "NotaMediana": 9.83
      }
    },
    "DesvioDeNotas": 0.19422924599555033,
    "MediaDeNotas": 9.745000000000001,
    "MediaDeDesvios": 1.1375,
    "NotaMediana": 9.86
  },
  "JORDI JULIA CASAS": {
    "Notas": [
      9.53,
      9.77,
      9.84
    ],
    "Desvios": [
      1.51,
      1.23,
      0.87
    ],
    "Componentes": {
      "GEF0155 - MÉTODOS SISMOLÓGICOS": {
        "Notas": [
          9.53,
          9.84
        ],
        "Desvios": [
          1.51,
          1.23
        ],
        "DesvioDeNotas": 0.15500000000000025,
        "MediaDeNotas": 9.684999999999999,
        "MediaDeDesvios": 1.37,
        "NotaMediana": 9.84
      },
      "GEF0171 - GEODINÂMICA": {
        "Notas": [
          9.77
        ],
        "Desvios": [
          0.87
        ],
        "DesvioDeNotas": 0,
        "MediaDeNotas": 9.77,
        "MediaDeDesvios": 0.87,
        "NotaMediana": 9.77
      }
    },
    "DesvioDeNotas": 0.1327487183449327,
    "MediaDeNotas": 9.713333333333333,
    "MediaDeDesvios": 1.2033333333333334,
    "NotaMediana": 9.77
  },
  "JOSE ANTONIO DE MORAIS MOREIRA": {
    "Notas": [
      8.31,
      8.72,
      8.91,
      8.99,
      9.19,
      9.2,
      9.24,
      9.84
    ],
    "Desvios": [
      2.47,
      2.03,
      2.07,
      2.3,
      1.44,
      1.75,
      1.56,
      0.91
    ],
    "Componentes": {
      "GEF0154 - MÉTODOS POTENCIAIS": {
        "Notas": [
          8.31
        ],
        "Desvios": [
          2.47
        ],
        "DesvioDeNotas": 0,
        "MediaDeNotas": 8.31,
        "MediaDeDesvios": 2.47,
        "NotaMediana": 8.31
      },
      "GEF0117 - GEOFÍSICA COMPUTACIONAL I": {
        "Notas": [
          8.91,
          9.19
        ],
        "Desvios": [
          2.03,
          1.75
        ],
        "DesvioDeNotas": 0.13999999999999968,
        "MediaDeNotas": 9.05,
        "MediaDeDesvios": 1.89,
        "NotaMediana": 9.19
      },
      "GEF0114 - GEOFÍSICA GERAL II": {
        "Notas": [
          8.99,
          9.2
        ],
        "Desvios": [
          2.07,
          1.56
        ],
        "DesvioDeNotas": 0.10499999999999954,
        "MediaDeNotas": 9.094999999999999,
        "MediaDeDesvios": 1.815,
        "NotaMediana": 9.2
      },
      "GEF0157 - MÉTODOS ELÉTRICOS": {
        "Notas": [
          8.72,
          9.84
        ],
        "Desvios": [
          2.3,
          0.91
        ],
        "DesvioDeNotas": 0.5599999999999996,
        "MediaDeNotas": 9.280000000000001,
        "MediaDeDesvios": 1.605,
        "NotaMediana": 9.84
      },
      "GEF0171 - GEODINÂMICA": {
        "Notas": [
          9.24
        ],
        "Desvios": [
          1.44
        ],
        "DesvioDeNotas": 0,
        "MediaDeNotas": 9.24,
        "MediaDeDesvios": 1.44,
        "NotaMediana": 9.24
      }
    },
    "DesvioDeNotas": 0.41563204881240784,
    "MediaDeNotas": 9.05,
    "MediaDeDesvios": 1.8162500000000001,
    "NotaMediana": 9.19
  },
  "JOSIBEL GOMES DE OLIVEIRA JUNIOR": {
    "Notas": [
      10,
      8.29,
      8.35,
      9.07,
      9.49,
      9.51
    ],
    "Desvios": [
      1.4,
      3.15,
      2.61,
      0.92,
      1.63,
      0.34
    ],
    "Componentes": {
      "GEF0177 - GEOFÍSICA RASA": {
        "Notas": [
          9.07,
          9.51
        ],
        "Desvios": [
          1.4,
          0.92
        ],
        "DesvioDeNotas": 0.21999999999999975,
        "MediaDeNotas": 9.29,
        "MediaDeDesvios": 1.16,
        "NotaMediana": 9.51
      },
      "GEF0178 - GEOFÍSICA DE PROSPECÇÃO MINERAL": {
        "Notas": [
          8.35
        ],
        "Desvios": [
          3.15
        ],
        "DesvioDeNotas": 0,
        "MediaDeNotas": 8.35,
        "MediaDeDesvios": 3.15,
        "NotaMediana": 8.35
      },
      "GEF0157 - MÉTODOS ELÉTRICOS": {
        "Notas": [
          10,
          8.29
        ],
        "Desvios": [
          2.61,
          0.34
        ],
        "DesvioDeNotas": 0.8550000000000004,
        "MediaDeNotas": 9.145,
        "MediaDeDesvios": 1.4749999999999999,
        "NotaMediana": 8.29
      },
      "GEF0158 - MÉTODOS ELETROMAGNÉTICOS": {
        "Notas": [
          9.49
        ],
        "Desvios": [
          1.63
        ],
        "DesvioDeNotas": 0,
        "MediaDeNotas": 9.49,
        "MediaDeDesvios": 1.63,
        "NotaMediana": 9.49
      }
    },
    "DesvioDeNotas": 0.6255242245953037,
    "MediaDeNotas": 9.118333333333334,
    "MediaDeDesvios": 1.675,
    "NotaMediana": 9.07
  },
  "MILTON MORAIS XAVIER JUNIOR": {
    "Notas": [
      9.25,
      9.33,
      9.75,
      9.84
    ],
    "Desvios": [
      1.29,
      2,
      1.32,
      1.56
    ],
    "Componentes": {
      "GEF0110 - LABORATÓRIO DE GEOFÍSICA I": {
        "Notas": [
          9.75,
          9.84
        ],
        "Desvios": [
          1.29,
          1.32
        ],
        "DesvioDeNotas": 0.04499999999999993,
        "MediaDeNotas": 9.795,
        "MediaDeDesvios": 1.3050000000000002,
        "NotaMediana": 9.84
      },
      "GEF0181 - PROPRIEDADES FÍSICAS DAS ROCHAS": {
        "Notas": [
          9.25,
          9.33
        ],
        "Desvios": [
          2,
          1.56
        ],
        "DesvioDeNotas": 0.040000000000000036,
        "MediaDeNotas": 9.29,
        "MediaDeDesvios": 1.78,
        "NotaMediana": 9.33
      }
    },
    "DesvioDeNotas": 0.25606395685453265,
    "MediaDeNotas": 9.5425,
    "MediaDeDesvios": 1.5425,
    "NotaMediana": 9.75
  },
  "ROSANGELA CORREA MACIEL": {
    "Notas": [
      7.41,
      7.71,
      7.84,
      7.85,
      8.02,
      8.36,
      8.99,
      9.2,
      9.37,
      9.41,
      9.46
    ],
    "Desvios": [
      2.05,
      1.57,
      2.32,
      1.9,
      2.52,
      2.76,
      2.54,
      2.01,
      1.67,
      1.78,
      1.75
    ],
    "Componentes": {
      "GEF0113 - GEOFÍSICA GERAL I": {
        "Notas": [
          7.71,
          8.02,
          9.41,
          9.46
        ],
        "Desvios": [
          2.05,
          1.57,
          2.76,
          2.54
        ],
        "DesvioDeNotas": 0.7928114529949731,
        "MediaDeNotas": 8.65,
        "MediaDeDesvios": 2.23,
        "NotaMediana": 9.41
      },
      "GEF0114 - GEOFÍSICA GERAL II": {
        "Notas": [
          7.85,
          8.36,
          8.99,
          9.2
        ],